Timestamp,M_F_1,M_F_2,M_F_3,M_F_4,M_F_5,M_F_6,M_F_7,M_F_8,U_F_1,U_F_2,U_F_3,U_F_4,U_F_5,U_F_6,U_F_7,U_F_8,M_C_1,M_C_2,M_C_3,M_C_4,M_C_5,M_C_6,M_C_7,M_C_8,U_C_1,U_C_2,U_C_3,U_C_4,U_C_5,U_C_6,U_C_7,U_C_8
"2025-03-14 10:04:27,499",153,172,143,141,170,142,187,166,1000,1000,1000,1000,1000,1000,1000,1000,,,,,,,,,,,,,,,,
"2025-03-14 10:04:27,500",ADC,GAIN,VALUE,=,8,,,,,,,,,,,,,,,,,,,,,,,,,,,
"2025-03-14 10:04:27,500",CAPA,THRESHOLD,=,150,,,,,,,,,,,,,,,,,,,,,,,,,,,,
"2025-03-14 10:04:27,502",1595,1660,1642,1630,1637,1617,1675,1620,3299,3299,3299,3299,3299,3299,3299,3299,0,0,0,0,0,0,0,0,0,0,0,0,0,0,0,0
"2025-03-14 10:04:27,503",1594,1665,1640,1628,1637,1617,1673,1620,3299,3299,3299,3299,3299,3299,3299,3299,0,0,0,0,0,0,0,0,0,0,0,0,0,0,0,0
"2025-03-14 10:04:27,505",1595,1666,1641,1630,1637,1619,1674,1621,3299,3299,3299,3299,3299,3299,3299,3299,0,0,0,0,0,0,0,0,0,0,0,0,0,0,0,0
"2025-03-14 10:04:27,507",1594,1665,1641,1630,1636,1620,1674,1620,3299,3299,3299,3299,3299,3299,3299,3299,0,0,0,0,0,0,0,0,0,0,0,0,0,0,0,0
"2025-03-14 10:04:27,510",1591,1664,1636,1629,1638,1616,1673,1622,3299,3299,3299,3299,3299,3299,3299,3299,0,0,0,0,0,0,0,0,0,0,0,0,0,0,0,0
"2025-03-14 10:04:27,512",1596,1664,1639,1629,1635,1618,1674,1619,3299,3299,3299,3299,3299,3299,3299,3299,0,0,0,0,0,0,0,0,0,0,0,0,0,0,0,0
"2025-03-14 10:04:27,514",1595,1664,1641,1628,1636,1617,1675,1621,3299,3299,3299,3299,3299,3299,3299,3299,0,0,0,0,0,0,0,0,0,0,0,0,0,0,0,0
"2025-03-14 10:04:27,515",1594,1665,1637,1628,1637,1616,1674,1620,3299,3299,3299,3299,3299,3299,3299,3299,0,0,0,0,0,0,0,0,0,0,0,0,0,0,0,0
"2025-03-14 10:04:27,517",1593,1661,1639,1628,1636,1617,1671,1619,3299,3299,3299,3299,3299,3299,3299,3299,0,0,0,0,0,0,0,0,0,0,0,0,0,0,0,0
"2025-03-14 10:04:27,518",1595,1660,1639,1628,1635,1616,1671,1620,3299,3299,3299,3299,3299,3299,3299,3299,0,0,0,0,0,0,0,0,0,0,0,0,0,0,0,0
"2025-03-14 10:04:27,520",1595,1665,1641,1628,1636,1618,1674,1619,3299,3299,3299,3299,3299,3299,3299,3299,0,0,0,0,0,0,0,0,0,0,0,0,0,0,0,0
"2025-03-14 10:04:27,522",1595,1662,1638,1628,1637,1618,1675,1617,3299,3299,3299,3299,3299,3299,3299,3299,0,0,0,0,0,0,0,0,0,0,0,0,0,0,0,0
"2025-03-14 10:04:27,523",1594,1665,1638,1628,1635,1618,1675,1620,3299,3299,3299,3299,3299,3299,3299,3299,0,0,0,0,0,0,0,0,0,0,0,0,0,0,0,0
"2025-03-14 10:04:27,525",1596,1666,1639,1627,1637,1617,1674,1619,3299,3299,3299,3299,3299,3299,3299,3299,0,0,0,0,0,0,0,0,0,0,0,0,0,0,0,0
"2025-03-14 10:04:27,527",1594,1661,1638,1629,1637,1617,1676,1620,3299,3299,3299,3299,3299,3299,3299,3299,0,0,0,0,0,0,0,0,0,0,0,0,0,0,0,0
"2025-03-14 10:04:27,529",1594,1661,1636,1628,1636,1619,1673,1618,3299,3299,3299,3299,3299,3299,3299,3299,0,0,0,0,0,0,0,0,0,0,0,0,0,0,0,0
"2025-03-14 10:04:27,533",1594,1663,1641,1627,1636,1619,1676,1618,3299,3299,3299,3299,3299,3299,3299,3299,0,0,0,0,0,0,0,0,0,0,0,0,0,0,0,0
"2025-03-14 10:04:27,537",1594,1662,1636,1627,1635,1618,1675,1619,3299,3299,3299,3299,3299,3299,3299,3299,0,0,0,0,0,0,0,0,0,0,0,0,0,0,0,0
"2025-03-14 10:04:27,539",1593,1663,1640,1629,1636,1616,1674,1620,3299,3299,3299,3299,3299,3299,3299,3299,0,0,0,0,0,0,0,0,0,0,0,0,0,0,0,0
"2025-03-14 10:04:27,542",1592,1665,1640,1628,1635,1617,1675,1620,3299,3299,3299,3299,3299,3299,3299,3299,0,0,0,0,0,0,0,0,0,0,0,0,0,0,0,0
"2025-03-14 10:04:27,545",1593,1665,1640,1627,1634,1617,1673,1620,3299,3299,3299,3299,3299,3299,3299,3299,0,0,0,0,0,0,0,0,0,0,0,0,0,0,0,0
"2025-03-14 10:04:27,549",1593,1665,1638,1627,1635,1616,1674,1620,3299,3299,3299,3299,3299,3299,3299,3299,0,0,0,0,0,0,0,0,0,0,0,0,0,0,0,0
"2025-03-14 10:04:27,551",1593,1664,1639,1628,1633,1618,1676,1619,3299,3299,3299,3299,3299,3299,3299,3299,0,0,0,0,0,0,0,0,0,0,0,0,0,0,0,0
"2025-03-14 10:04:27,554",1592,1663,1637,1628,1635,1616,1674,1620,3299,3299,3299,3299,3299,3299,3299,3299,0,0,0,0,0,0,0,0,0,0,0,0,0,0,0,0
"2025-03-14 10:04:27,557",1593,1664,1640,1629,1635,1618,1675,1618,3299,3299,3299,3299,3299,3299,3299,3299,0,0,0,0,0,0,0,0,0,0,0,0,0,0,0,0
"2025-03-14 10:04:27,558",1592,1665,1640,1629,1635,1617,1673,1619,3299,3299,3299,3299,3299,3299,3299,3299,0,0,0,0,0,0,0,0,0,0,0,0,0,0,0,0
"2025-03-14 10:04:27,560",1593,1659,1641,1628,1634,1616,1674,1619,3299,3299,3299,3299,3299,3299,3299,3299,0,0,0,0,0,0,0,0,0,0,0,0,0,0,0,0
"2025-03-14 10:04:27,564",1594,1659,1642,1628,1634,1618,1669,1622,3299,3299,3299,3299,3299,3299,3299,3299,0,0,0,0,0,0,0,0,0,0,0,0,0,0,0,0
"2025-03-14 10:04:27,581",1593,1666,1641,1628,1636,1616,1673,1619,3299,3299,3299,3299,3299,3299,3299,3299,0,0,0,0,0,0,0,0,0,0,0,0,0,0,0,0
"2025-03-14 10:04:27,602",1593,1665,1639,1627,1634,1616,1676,1620,3299,3299,3299,3299,3299,3299,3299,3299,0,0,0,0,0,0,0,0,0,0,0,0,0,0,0,0
"2025-03-14 10:04:27,621",1593,1660,1638,1628,1633,1616,1673,1616,3299,3299,3299,3299,3299,3299,3299,3299,0,0,0,0,0,0,0,0,0,0,0,0,0,0,0,0
"2025-03-14 10:04:27,641",1593,1665,1637,1628,1634,1616,1675,1617,3299,3299,3299,3299,3299,3299,3299,3299,0,0,0,0,0,0,0,0,0,0,0,0,0,0,0,0
"2025-03-14 10:04:27,662",1592,1662,1640,1630,1636,1617,1674,1619,3299,3299,3299,3299,3299,3299,3299,3299,0,0,0,0,0,0,0,0,0,0,0,0,0,0,0,0
"2025-03-14 10:04:27,681",1591,1664,1641,1629,1634,1616,1675,1617,3299,3299,3299,3299,3299,3299,3299,3299,0,0,0,0,0,0,0,0,0,0,0,0,0,0,0,0
"2025-03-14 10:04:27,702",1595,1665,1637,1628,1636,1618,1675,1619,3299,3299,3299,3299,3299,3299,3299,3299,0,0,0,0,0,0,0,0,0,0,0,0,0,0,0,0
"2025-03-14 10:04:27,721",1594,1663,1641,1628,1635,1617,1674,1619,3299,3299,3299,3299,3299,3299,3299,3299,0,0,0,0,0,0,0,0,0,0,0,0,0,0,0,0
"2025-03-14 10:04:27,741",1593,1665,1638,1628,1635,1616,1673,1618,3299,3299,3299,3299,3299,3299,3299,3299,0,0,0,0,0,0,0,0,0,0,0,0,0,0,0,0
"2025-03-14 10:04:27,762",1593,1661,1638,1627,1632,1616,1673,1618,3299,3299,3299,3299,3299,3299,3299,3299,0,0,0,0,0,0,0,0,0,0,0,0,0,0,0,0
"2025-03-14 10:04:27,781",1593,1666,1640,1629,1634,1616,1671,1618,3299,3299,3299,3299,3299,3299,3299,3299,0,0,0,0,0,0,0,0,0,0,0,0,0,0,0,0
"2025-03-14 10:04:27,801",1593,1663,1641,1627,1635,1617,1675,1619,3299,3299,3299,3299,3299,3299,3299,3299,0,0,0,0,0,0,0,0,0,0,0,0,0,0,0,0
"2025-03-14 10:04:27,821",1594,1664,1639,1626,1633,1618,1676,1620,3299,3299,3299,3299,3299,3299,3299,3299,0,0,0,0,0,0,0,0,0,0,0,0,0,0,0,0
"2025-03-14 10:04:27,841",1594,1661,1640,1627,1634,1617,1675,1620,3299,3299,3299,3299,3299,3299,3299,3299,0,0,0,0,0,0,0,0,0,0,0,0,0,0,0,0
"2025-03-14 10:04:27,861",1593,1662,1637,1627,1632,1616,1670,1618,3299,3299,3299,3299,3299,3299,3299,3299,0,0,0,0,0,0,0,0,0,0,0,0,0,0,0,0
"2025-03-14 10:04:27,881",1593,1663,1639,1627,1631,1617,1671,1618,3299,3299,3299,3299,3299,3299,3299,3299,0,0,0,0,0,0,0,0,0,0,0,0,0,0,0,0
"2025-03-14 10:04:27,902",1592,1660,1637,1629,1635,1617,1674,1619,3299,3299,3299,3299,3299,3299,3299,3299,0,0,0,0,0,0,0,0,0,0,0,0,0,0,0,0
"2025-03-14 10:04:27,921",1593,1661,1638,1627,1633,1617,1671,1619,3299,3299,3299,3299,3299,3299,3299,3299,0,0,0,0,0,0,0,0,0,0,0,0,0,0,0,0
"2025-03-14 10:04:27,941",1595,1663,1639,1627,1634,1617,1674,1618,3299,3299,3299,3299,3299,3299,3299,3299,0,0,0,0,0,0,0,0,0,0,0,0,0,0,0,0
"2025-03-14 10:04:27,961",1592,1660,1636,1628,1633,1616,1673,1621,3299,3299,3299,3299,3299,3299,3299,3299,0,0,0,0,0,0,0,0,0,0,0,0,0,0,0,0
"2025-03-14 10:04:27,981",1591,1664,1640,1630,1633,1618,1674,1618,3299,3299,3299,3299,3299,3299,3299,3299,0,0,0,0,0,0,0,0,0,0,0,0,0,0,0,0
"2025-03-14 10:04:28,001",1592,1665,1640,1628,1633,1617,1674,1618,3299,3299,3299,3299,3299,3299,3299,3299,0,0,0,0,0,0,0,0,0,0,0,0,0,0,0,0
"2025-03-14 10:04:28,021",1594,1665,1640,1628,1631,1617,1674,1621,3299,3299,3299,3299,3299,3299,3299,3299,0,0,0,0,0,0,0,0,0,0,0,0,0,0,0,0
"2025-03-14 10:04:28,041",1592,1659,1638,1626,1634,1616,1668,1619,3299,3299,3299,3299,3299,3299,3299,3299,0,0,0,0,0,0,0,0,0,0,0,0,0,0,0,0
"2025-03-14 10:04:28,062",1594,1665,1640,1628,1634,1617,1674,1619,3299,3299,3299,3299,3299,3299,3299,3299,0,0,0,0,0,0,0,0,0,0,0,0,0,0,0,0
"2025-03-14 10:04:28,081",1593,1659,1637,1627,1630,1617,1673,1619,3299,3299,3299,3299,3299,3299,3299,3299,0,0,0,0,0,0,0,0,0,0,0,0,0,0,0,0
"2025-03-14 10:04:28,101",1591,1663,1641,1627,1632,1618,1675,1619,3299,3299,3299,3299,3299,3299,3299,3299,0,0,0,0,0,0,0,0,0,0,0,0,0,0,0,0
"2025-03-14 10:04:28,121",1593,1659,1639,1626,1633,1615,1671,1620,3299,3299,3299,3299,3299,3299,3299,3299,0,0,0,0,0,0,0,0,0,0,0,0,0,0,0,0
"2025-03-14 10:04:28,141",1591,1665,1640,1627,1630,1618,1669,1618,3299,3299,3299,3299,3299,3299,3299,3299,0,0,0,0,0,0,0,0,0,0,0,0,0,0,0,0
"2025-03-14 10:04:28,162",1592,1659,1638,1626,1632,1619,1674,1619,3299,3299,3299,3299,3299,3299,3299,3299,0,0,0,0,0,0,0,0,0,0,0,0,0,0,0,0
"2025-03-14 10:04:28,181",1593,1665,1641,1628,1632,1619,1672,1620,3299,3299,3299,3299,3299,3299,3299,3299,0,0,0,0,0,0,0,0,0,0,0,0,0,0,0,0
"2025-03-14 10:04:28,201",1591,1665,1639,1627,1630,1616,1673,1619,3299,3299,3299,3299,3299,3299,3299,3299,0,0,0,0,0,0,0,0,0,0,0,0,0,0,0,0
"2025-03-14 10:04:28,221",1591,1664,1639,1627,1633,1617,1671,1620,3299,3299,3299,3299,3299,3299,3299,3299,0,0,0,0,0,0,0,0,0,0,0,0,0,0,0,0
"2025-03-14 10:04:28,241",1592,1662,1636,1625,1631,1619,1673,1620,3299,3299,3299,3299,3299,3299,3299,3299,0,0,0,0,0,0,0,0,0,0,0,0,0,0,0,0
"2025-03-14 10:04:28,262",1592,1665,1636,1627,1632,1617,1673,1618,3299,3299,3299,3299,3299,3299,3299,3299,0,0,0,0,0,0,0,0,0,0,0,0,0,0,0,0
"2025-03-14 10:04:28,281",1592,1663,1638,1628,1635,1617,1671,1619,3299,3299,3299,3299,3299,3299,3299,3299,0,0,0,0,0,0,0,0,0,0,0,0,0,0,0,0
"2025-03-14 10:04:28,301",1592,1661,1643,1627,1637,1620,1672,1619,3299,3299,3299,3299,3299,3299,3299,3299,0,0,0,0,0,0,0,0,0,0,0,0,0,0,0,0
"2025-03-14 10:04:28,321",1593,1662,1640,1629,1635,1619,1675,1620,3299,3299,3299,3299,3299,3299,3299,3299,0,0,0,0,0,0,0,0,0,0,0,0,0,0,0,0
"2025-03-14 10:04:28,341",1594,1663,1637,1627,1635,1617,1673,1619,3299,3299,3299,3299,3299,3299,3299,3299,0,0,0,0,1,0,0,0,0,0,0,0,0,0,0,0
"2025-03-14 10:04:28,362",1594,1663,1641,1629,1637,1617,1675,1621,3299,3299,3299,3299,3299,3299,3299,3299,0,0,0,0,1,0,0,0,0,0,0,0,0,0,0,0
"2025-03-14 10:04:28,381",1594,1664,1639,1627,1637,1617,1673,1621,3299,3299,3299,3299,3299,3299,3299,3299,0,0,0,0,1,0,0,0,0,0,0,0,0,0,0,0
"2025-03-14 10:04:28,401",1594,1667,1640,1628,1640,1620,1678,1620,3299,3299,3299,3299,3299,3299,3299,3299,0,0,0,0,1,0,0,0,0,0,0,0,0,0,0,0
"2025-03-14 10:04:28,422",1593,1662,1636,1627,1642,1616,1672,1620,3299,3299,3299,3299,3299,3299,3299,3299,0,0,0,0,1,0,0,0,0,0,0,0,0,0,0,0
"2025-03-14 10:04:28,441",1594,1664,1642,1629,1641,1615,1676,1622,3299,3299,3299,3299,3299,3299,3299,3299,0,0,0,0,1,0,0,0,0,0,0,0,0,0,0,0
"2025-03-14 10:04:28,462",1595,1667,1640,1627,1640,1618,1676,1623,3299,3299,3299,3299,3299,3299,3299,3299,0,0,0,0,1,0,0,0,0,0,0,0,0,0,0,0
"2025-03-14 10:04:28,481",1593,1666,1639,1628,1638,1620,1674,1624,3299,3299,3299,3299,3299,3299,3299,3299,0,0,0,0,1,0,0,0,0,0,0,0,0,0,0,0
"2025-03-14 10:04:28,502",1594,1666,1641,1628,1641,1619,1676,1622,3299,3299,3299,3299,3299,3299,3299,3299,0,0,0,0,1,0,0,0,0,0,0,0,0,0,0,0
"2025-03-14 10:04:28,522",1595,1667,1642,1629,1643,1619,1672,1624,3299,3299,3299,3299,3299,3299,3299,3299,0,0,0,0,1,0,0,0,0,0,0,0,0,0,0,0
"2025-03-14 10:04:28,541",1596,1665,1642,1627,1648,1616,1672,1625,3299,3299,3299,3299,3299,3299,3299,3299,0,0,0,0,1,0,0,0,0,0,0,0,0,0,0,0
"2025-03-14 10:04:28,562",1594,1668,1641,1629,1649,1619,1679,1626,3299,3299,3299,3299,3299,3299,3299,3299,0,0,0,0,1,0,0,0,0,0,0,0,0,0,0,0
"2025-03-14 10:04:28,581",1595,1668,1642,1627,1649,1618,1678,1626,3299,3299,3299,3299,3299,3299,3299,3299,0,0,0,0,1,0,0,0,0,0,0,0,0,0,0,0
"2025-03-14 10:04:28,602",1595,1667,1642,1629,1653,1619,1678,1626,3299,3299,3299,3299,3299,3299,3299,3299,0,0,0,0,1,0,0,0,0,0,0,0,0,0,0,0
"2025-03-14 10:04:28,622",1594,1668,1644,1629,1649,1618,1679,1627,3299,3299,3299,3299,3299,3299,3299,3299,0,0,0,0,1,0,0,0,0,0,0,0,0,0,0,0
"2025-03-14 10:04:28,641",1595,1667,1639,1627,1652,1621,1676,1628,3299,3299,3299,3299,3299,3299,3299,3299,0,0,0,0,1,0,0,0,0,0,0,0,0,0,0,0
"2025-03-14 10:04:28,662",1597,1664,1642,1629,1653,1621,1680,1628,3299,3299,3299,3299,3299,3299,3299,3299,0,0,0,0,1,0,0,0,0,0,0,0,0,0,0,0
"2025-03-14 10:04:28,681",1596,1670,1645,1628,1662,1620,1680,1631,3299,3299,3299,3299,3299,3299,3299,3299,0,0,0,0,1,0,0,0,0,0,0,0,0,0,0,0
"2025-03-14 10:04:28,702",1595,1670,1645,1630,1664,1620,1682,1631,3299,3299,3299,3299,3299,3299,3299,3299,0,0,0,0,1,0,0,0,0,0,0,0,0,0,0,0
"2025-03-14 10:04:28,721",1598,1669,1646,1630,1665,1622,1681,1630,3299,3299,3299,3299,3299,3299,3299,3299,0,0,0,0,1,0,0,0,0,0,0,0,0,0,0,0
"2025-03-14 10:04:28,741",1598,1668,1646,1629,1669,1622,1685,1632,3299,3299,3299,3299,3299,3299,3299,3299,0,0,0,0,1,0,0,0,0,0,0,0,0,0,0,0
"2025-03-14 10:04:28,762",1597,1671,1647,1631,1671,1619,1686,1635,3299,3299,3299,3299,3299,3299,3299,3299,0,0,0,0,1,0,0,0,0,0,0,0,0,0,0,0
"2025-03-14 10:04:28,781",1599,1671,1643,1633,1673,1619,1687,1632,3299,3299,3299,3299,3299,3299,3299,3299,0,0,0,0,1,0,0,0,0,0,0,0,0,0,0,0
"2025-03-14 10:04:28,802",1598,1671,1652,1632,1683,1623,1688,1634,3299,3299,3299,3299,3299,3299,3299,3299,0,0,0,0,1,0,0,0,0,0,0,0,0,0,0,0
"2025-03-14 10:04:28,821",1601,1673,1655,1633,1702,1626,1690,1631,3299,3299,3299,3299,3299,3299,3299,3299,0,0,0,0,1,0,0,0,0,0,0,0,0,0,0,0
"2025-03-14 10:04:28,841",1601,1671,1656,1634,1721,1628,1691,1630,3299,3299,3299,3299,3299,3299,3299,3299,0,0,0,0,1,0,0,0,0,0,0,0,0,0,0,0
"2025-03-14 10:04:28,862",1601,1669,1658,1634,1736,1632,1691,1635,3299,3299,3299,3299,3299,3299,3299,3299,0,0,0,0,1,0,0,0,0,0,0,0,0,0,0,0
"2025-03-14 10:04:28,882",1599,1673,1656,1638,1741,1630,1690,1633,3299,3299,3299,3299,3299,3299,3299,3299,0,0,0,0,1,0,0,0,0,0,0,0,0,0,0,0
"2025-03-14 10:04:28,901",1599,1669,1660,1635,1749,1633,1693,1632,3299,3299,3299,3299,3299,3299,3299,3299,0,0,0,0,1,0,0,0,0,0,0,0,0,0,0,0
"2025-03-14 10:04:28,922",1599,1671,1662,1635,1790,1640,1693,1634,3299,3299,3299,3299,3299,3299,3299,3299,0,0,0,0,1,0,0,0,0,0,0,0,0,0,0,0
"2025-03-14 10:04:28,941",1600,1674,1668,1637,1846,1650,1696,1628,3299,3299,3299,3299,3299,3299,3299,3299,0,0,0,0,1,0,0,0,0,0,0,0,0,0,0,0
"2025-03-14 10:04:28,962",1601,1674,1670,1642,1869,1655,1699,1630,3299,3299,3299,3299,3299,3299,3299,3299,0,0,0,0,1,0,0,0,0,0,0,0,0,0,0,0
"2025-03-14 10:04:28,981",1600,1674,1672,1642,1879,1655,1699,1630,3299,3299,3299,3299,3299,3299,3299,3299,0,0,0,0,1,0,0,0,0,0,0,0,0,0,0,0
"2025-03-14 10:04:29,002",1603,1672,1673,1646,1903,1665,1701,1633,3299,3299,3299,3299,3299,3299,3299,3299,0,0,0,0,1,0,0,0,0,0,0,0,0,0,0,0
"2025-03-14 10:04:29,021",1602,1673,1679,1655,1919,1673,1701,1628,3299,3299,3299,3299,3299,3299,3299,3299,0,0,0,0,1,0,0,0,0,0,0,0,0,0,0,0
"2025-03-14 10:04:29,041",1602,1675,1683,1663,1905,1677,1702,1630,3299,3299,3299,3299,3299,3299,3299,3299,0,0,0,0,1,0,0,0,0,0,0,0,0,0,0,0
"2025-03-14 10:04:29,062",1601,1676,1688,1667,1873,1676,1702,1631,3299,3299,3299,3299,3299,3299,3299,3299,0,0,0,0,1,0,0,0,0,0,0,0,0,0,0,0
"2025-03-14 10:04:29,081",1600,1673,1686,1678,1834,1674,1701,1626,3299,3299,3299,3299,3299,3299,3299,3299,0,0,0,0,1,0,0,0,0,0,0,0,0,0,0,0
"2025-03-14 10:04:29,102",1601,1672,1684,1691,1797,1666,1699,1627,3299,3299,3299,3299,3299,3299,3299,3299,0,0,0,0,1,0,0,0,0,0,0,0,0,0,0,0
"2025-03-14 10:04:29,121",1600,1672,1684,1704,1771,1665,1700,1626,3299,3299,3299,3299,3299,3299,3299,3299,0,0,0,0,1,0,0,0,0,0,0,0,0,0,0,0
"2025-03-14 10:04:29,141",1600,1671,1685,1718,1756,1658,1697,1629,3299,3299,3299,3299,3299,3299,3299,3299,0,0,0,0,1,0,0,0,0,0,0,0,0,0,0,0
"2025-03-14 10:04:29,162",1600,1669,1682,1736,1738,1661,1697,1627,3299,3299,3299,3299,3299,3299,3299,3299,0,0,0,0,1,0,0,0,0,0,0,0,0,0,0,0
"2025-03-14 10:04:29,181",1598,1670,1682,1758,1724,1655,1696,1626,3299,3299,3299,3299,3299,3299,3299,3299,0,0,0,0,1,0,0,0,0,0,0,0,0,0,0,0
"2025-03-14 10:04:29,202",1596,1671,1682,1779,1713,1651,1693,1630,3299,3299,3299,3299,3299,3299,3299,3299,0,0,0,0,1,0,0,0,0,0,0,0,0,0,0,0
"2025-03-14 10:04:29,221",1599,1669,1681,1789,1704,1648,1695,1629,3299,3299,3299,3299,3299,3299,3299,3299,0,0,0,0,1,0,0,0,0,0,0,0,0,0,0,0
"2025-03-14 10:04:29,241",1600,1671,1680,1793,1696,1645,1695,1626,3299,3299,3299,3299,3299,3299,3299,3299,0,0,0,0,1,0,0,0,0,0,0,0,0,0,0,0
"2025-03-14 10:04:29,262",1596,1671,1684,1805,1691,1647,1695,1628,3299,3299,3299,3299,3299,3299,3299,3299,0,0,0,1,1,0,0,0,0,0,0,0,0,0,0,0
"2025-03-14 10:04:29,281",1596,1670,1685,1806,1686,1639,1695,1628,3299,3299,3299,3299,3299,3299,3299,3299,0,0,0,1,0,0,0,0,0,0,0,0,0,0,0,0
"2025-03-14 10:04:29,302",1598,1667,1684,1806,1682,1641,1695,1627,3299,3299,3299,3299,3299,3299,3299,3299,0,0,0,1,0,0,0,0,0,0,0,0,0,0,0,0
"2025-03-14 10:04:29,322",1597,1671,1681,1794,1676,1635,1693,1626,3299,3299,3299,3299,3299,3299,3299,3299,0,0,0,1,0,0,0,0,0,0,0,0,0,0,0,0
"2025-03-14 10:04:29,341",1595,1668,1678,1776,1674,1639,1693,1627,3299,3299,3299,3299,3299,3299,3299,3299,0,0,0,1,0,0,0,0,0,0,0,0,0,0,0,0
"2025-03-14 10:04:29,362",1594,1667,1674,1751,1671,1635,1691,1627,3299,3299,3299,3299,3299,3299,3299,3299,0,0,0,1,0,0,0,0,0,0,0,0,0,0,0,0
"2025-03-14 10:04:29,381",1596,1661,1670,1730,1666,1632,1691,1627,3299,3299,3299,3299,3299,3299,3299,3299,0,0,0,1,0,0,0,0,0,0,0,0,0,0,0,0
"2025-03-14 10:04:29,403",1596,1666,1669,1717,1664,1631,1690,1628,3299,3299,3299,3299,3299,3299,3299,3299,0,0,0,1,0,0,0,0,0,0,0,0,0,0,0,0
"2025-03-14 10:04:29,422",1594,1668,1667,1713,1662,1630,1690,1628,3299,3299,3299,3299,3299,3299,3299,3299,0,0,0,1,0,0,0,0,0,0,0,0,0,0,0,0
"2025-03-14 10:04:29,441",1593,1665,1668,1710,1661,1630,1689,1627,3299,3299,3299,3299,3299,3299,3299,3299,0,0,0,1,0,0,0,0,0,0,0,0,0,0,0,0
"2025-03-14 10:04:29,462",1594,1666,1670,1706,1662,1629,1689,1624,3299,3299,3299,3299,3299,3299,3299,3299,0,0,0,1,0,0,0,0,0,0,0,0,0,0,0,0
"2025-03-14 10:04:29,481",1593,1667,1668,1703,1660,1628,1686,1628,3299,3299,3299,3299,3299,3299,3299,3299,0,0,0,1,0,0,0,0,0,0,0,0,0,0,0,0
"2025-03-14 10:04:29,501",1593,1667,1670,1700,1658,1627,1687,1630,3299,3299,3299,3299,3299,3299,3299,3299,0,0,0,1,0,0,0,0,0,0,0,0,0,0,0,0
"2025-03-14 10:04:29,521",1594,1666,1671,1699,1656,1623,1686,1626,3299,3299,3299,3299,3299,3299,3299,3299,0,0,0,1,0,0,0,0,0,0,0,0,0,0,0,0
"2025-03-14 10:04:29,541",1593,1668,1671,1696,1650,1626,1685,1628,3299,3299,3299,3299,3299,3299,3299,3299,0,0,0,1,0,0,0,0,0,0,0,0,0,0,0,0
"2025-03-14 10:04:29,561",1595,1667,1673,1694,1655,1625,1686,1626,3299,3299,3299,3299,3299,3299,3299,3299,0,0,0,1,0,0,0,0,0,0,0,0,0,0,0,0
"2025-03-14 10:04:29,581",1593,1671,1674,1691,1655,1627,1687,1628,3299,3299,3299,3299,3299,3299,3299,3299,0,0,0,1,0,0,0,0,0,0,0,0,0,0,0,0
"2025-03-14 10:04:29,602",1593,1670,1677,1688,1649,1624,1685,1627,3299,3299,3299,3299,3299,3299,3299,3299,0,0,0,1,0,0,0,0,0,0,0,0,0,0,0,0
"2025-03-14 10:04:29,621",1593,1675,1679,1684,1652,1624,1684,1629,3299,3299,3299,3299,3299,3299,3299,3299,0,0,0,1,0,0,0,0,0,0,0,0,0,0,0,0
"2025-03-14 10:04:29,641",1591,1676,1675,1677,1651,1623,1685,1626,3299,3299,3299,3299,3299,3299,3299,3299,0,0,0,1,0,0,0,0,0,0,0,0,0,0,0,0
"2025-03-14 10:04:29,662",1595,1677,1672,1670,1651,1622,1684,1626,3299,3299,3299,3299,3299,3299,3299,3299,0,0,0,1,0,0,0,0,0,0,0,0,0,0,0,0
"2025-03-14 10:04:29,681",1594,1680,1669,1665,1652,1619,1683,1625,3299,3299,3299,3299,3299,3299,3299,3299,0,0,0,1,0,0,0,0,0,0,0,0,0,0,0,0
"2025-03-14 10:04:29,701",1595,1683,1668,1651,1652,1620,1683,1623,3299,3299,3299,3299,3299,3299,3299,3299,0,0,0,1,0,0,0,0,0,0,0,0,0,0,0,0
"2025-03-14 10:04:29,721",1596,1686,1664,1652,1650,1620,1682,1623,3299,3299,3299,3299,3299,3299,3299,3299,0,0,0,1,0,0,0,0,0,0,0,0,0,0,0,0
"2025-03-14 10:04:29,741",1598,1691,1663,1654,1644,1618,1684,1623,3299,3299,3299,3299,3299,3299,3299,3299,0,0,0,0,0,0,0,0,0,0,0,0,0,0,0,0
"2025-03-14 10:04:29,761",1602,1691,1658,1649,1647,1619,1682,1622,3299,3299,3299,3299,3299,3299,3299,3299,0,0,0,0,0,0,0,0,0,0,0,0,0,0,0,0
"2025-03-14 10:04:29,781",1606,1690,1656,1644,1645,1618,1682,1621,3299,3299,3299,3299,3299,3299,3299,3299,0,0,0,0,0,0,0,0,0,0,0,0,0,0,0,0
"2025-03-14 10:04:29,801",1615,1690,1657,1650,1644,1618,1685,1621,3299,3299,3299,3299,3299,3299,3299,3299,0,0,0,0,0,0,0,0,0,0,0,0,0,0,0,0
"2025-03-14 10:04:29,821",1623,1689,1648,1644,1644,1619,1681,1621,3299,3299,3299,3299,3299,3299,3299,3299,0,0,0,0,0,0,0,0,0,0,0,0,0,0,0,0
"2025-03-14 10:04:29,841",1634,1689,1649,1650,1641,1617,1684,1620,3299,3299,3299,3299,3299,3299,3299,3299,0,0,0,0,0,0,0,0,0,0,0,0,0,0,0,0
"2025-03-14 10:04:29,862",1644,1686,1647,1645,1644,1618,1684,1622,3299,3299,3299,3299,3299,3299,3299,3299,0,0,0,0,0,0,0,0,0,0,0,0,0,0,0,0
"2025-03-14 10:04:29,881",1653,1686,1653,1640,1639,1618,1684,1623,3299,3299,3299,3299,3299,3299,3299,3299,0,0,0,0,0,0,0,0,0,0,0,0,0,0,0,0
"2025-03-14 10:04:29,901",1659,1685,1652,1639,1641,1618,1686,1620,3299,3299,3299,3299,3299,3299,3299,3299,0,0,0,0,0,0,0,0,0,0,0,0,0,0,0,0
"2025-03-14 10:04:29,921",1667,1683,1651,1640,1639,1617,1685,1620,3299,3299,3299,3299,3299,3299,3299,3299,0,0,0,0,0,0,0,0,0,0,0,0,0,0,0,0
"2025-03-14 10:04:29,941",1671,1684,1648,1638,1638,1616,1685,1619,3299,3299,3299,3299,3299,3299,3299,3299,1,0,0,0,0,0,0,0,0,0,0,0,0,0,0,0
"2025-03-14 10:04:29,961",1672,1684,1651,1638,1638,1617,1687,1618,3299,3299,3299,3299,3299,3299,3299,3299,1,0,0,0,0,0,0,0,0,0,0,0,0,0,0,0
"2025-03-14 10:04:29,981",1678,1682,1652,1637,1637,1619,1686,1619,3299,3299,3299,3299,3299,3299,3299,3299,1,0,0,0,0,0,0,0,0,0,0,0,0,0,0,0
"2025-03-14 10:04:30,002",1685,1685,1652,1637,1639,1619,1686,1618,3299,3299,3299,3299,3299,3299,3299,3299,1,0,0,0,0,0,0,0,0,0,0,0,0,0,0,0
"2025-03-14 10:04:30,021",1704,1686,1651,1636,1640,1619,1686,1620,3299,3299,3299,3299,3299,3299,3299,3299,1,0,0,0,0,0,0,0,0,0,0,0,0,0,0,0
"2025-03-14 10:04:30,041",1728,1685,1649,1637,1639,1617,1689,1621,3299,3299,3299,3299,3299,3299,3299,3299,1,0,0,0,0,0,0,0,0,0,0,0,0,0,0,0
"2025-03-14 10:04:30,061",1736,1683,1646,1635,1638,1618,1689,1622,3299,3299,3299,3299,3299,3299,3299,3299,1,0,0,0,0,0,0,0,0,0,0,0,0,0,0,0
"2025-03-14 10:04:30,081",1730,1677,1648,1634,1636,1618,1690,1621,3299,3299,3299,3299,3299,3299,3299,3299,1,0,0,0,0,0,0,0,0,0,0,0,0,0,0,0
"2025-03-14 10:04:30,102",1729,1678,1645,1636,1637,1617,1689,1622,3299,3299,3299,3299,3299,3299,3299,3299,1,0,0,0,0,0,0,0,0,0,0,0,0,0,0,0
"2025-03-14 10:04:30,121",1731,1680,1643,1636,1638,1616,1689,1621,3299,3299,3299,3299,3299,3299,3299,3299,1,0,0,0,0,0,0,0,0,0,0,0,0,0,0,0
"2025-03-14 10:04:30,141",1735,1679,1643,1635,1637,1616,1689,1622,3299,3299,3299,3299,3299,3299,3299,3299,1,0,0,0,0,0,0,0,0,0,0,0,0,0,0,0
"2025-03-14 10:04:30,162",1738,1679,1644,1634,1638,1618,1692,1622,3299,3299,3299,3299,3299,3299,3299,3299,1,0,0,0,0,0,0,0,0,0,0,0,0,0,0,0
"2025-03-14 10:04:30,181",1749,1681,1649,1633,1636,1616,1693,1622,3299,3299,3299,3299,3299,3299,3299,3299,1,0,0,0,0,0,0,0,0,0,0,0,0,0,0,0
"2025-03-14 10:04:30,202",1754,1683,1647,1633,1638,1617,1694,1623,3299,3299,3299,3299,3299,3299,3299,3299,1,0,0,0,0,0,0,0,0,0,0,0,0,0,0,0
"2025-03-14 10:04:30,221",1774,1687,1645,1633,1635,1616,1696,1623,3299,3299,3299,3299,3299,3299,3299,3299,1,0,0,0,0,0,0,0,0,0,0,0,0,0,0,0
"2025-03-14 10:04:30,241",1811,1694,1643,1631,1632,1617,1699,1625,3299,3299,3299,3299,3299,3299,3299,3299,1,0,0,0,0,0,0,0,0,0,0,0,0,0,0,0
"2025-03-14 10:04:30,261",1902,1710,1644,1632,1635,1619,1708,1635,3299,3299,3299,3299,3299,3299,3299,3299,1,0,0,0,0,0,0,0,0,0,0,0,0,0,0,0
"2025-03-14 10:04:30,281",1971,1723,1644,1629,1636,1621,1719,1645,3299,3299,3299,3299,3299,3299,3299,3299,1,0,0,0,0,0,0,0,0,0,0,0,0,0,0,0
"2025-03-14 10:04:30,301",1986,1730,1652,1631,1635,1621,1723,1656,3299,3299,3299,3299,3299,3299,3299,3299,1,0,0,0,0,0,0,0,0,0,0,0,0,0,0,0
"2025-03-14 10:04:30,321",2022,1741,1653,1629,1634,1621,1732,1670,3299,3299,3299,3299,3299,3299,3299,3299,1,0,0,0,0,0,0,0,0,0,0,0,0,0,0,0
"2025-03-14 10:04:30,341",2071,1758,1655,1628,1635,1623,1742,1694,3299,3299,3299,3299,3299,3299,3299,3299,1,0,0,0,0,0,0,0,0,0,0,0,0,0,0,0
"2025-03-14 10:04:30,361",2112,1774,1652,1629,1634,1623,1756,1717,3299,3299,3299,3299,3299,3299,3299,3299,1,0,0,0,0,0,0,0,0,0,0,0,0,0,0,0
"2025-03-14 10:04:30,381",2116,1787,1652,1629,1632,1629,1762,1746,3299,3299,3299,3299,3299,3299,3299,3299,1,0,0,0,0,0,0,0,0,0,0,0,0,0,0,0
"2025-03-14 10:04:30,402",2082,1790,1656,1627,1634,1628,1769,1769,3299,3299,3299,3299,3299,3299,3299,3299,1,0,0,0,0,0,0,0,0,0,0,0,0,0,0,0
"2025-03-14 10:04:30,422",2042,1794,1657,1629,1636,1628,1772,1796,3299,3299,3299,3299,3299,3299,3299,3299,1,0,0,0,0,0,0,0,0,0,0,0,0,0,0,0
"2025-03-14 10:04:30,441",1993,1791,1650,1627,1634,1628,1777,1826,3299,3299,3299,3299,3299,3299,3299,3299,1,0,0,0,0,0,0,0,0,0,0,0,0,0,0,0
"2025-03-14 10:04:30,462",1930,1787,1658,1629,1635,1626,1776,1868,3299,3299,3299,3299,3299,3299,3299,3299,1,0,0,0,0,0,0,0,0,0,0,0,0,0,0,0
"2025-03-14 10:04:30,481",1870,1779,1655,1628,1632,1628,1775,1919,3299,3299,3299,3299,3299,3299,3299,3299,1,0,0,0,0,0,0,0,0,0,0,0,0,0,0,0
"2025-03-14 10:04:30,501",1821,1773,1653,1626,1636,1622,1774,1980,3299,3299,3299,3299,3299,3299,3299,3299,1,0,0,0,0,0,0,1,0,0,0,0,0,0,0,0
"2025-03-14 10:04:30,521",1778,1763,1651,1625,1635,1623,1767,2027,3299,3299,3299,3299,3299,3299,3299,3299,1,0,0,0,0,0,0,1,0,0,0,0,0,0,0,0
"2025-03-14 10:04:30,541",1748,1750,1650,1625,1637,1620,1760,2032,3299,3299,3299,3299,3299,3299,3299,3299,1,0,0,0,0,0,0,1,0,0,0,0,0,0,0,0
"2025-03-14 10:04:30,562",1723,1743,1643,1625,1633,1616,1752,2016,3299,3299,3299,3299,3299,3299,3299,3299,1,0,0,0,0,0,0,1,0,0,0,0,0,0,0,0
"2025-03-14 10:04:30,581",1708,1737,1646,1624,1636,1620,1746,2006,3299,3299,3299,3299,3299,3299,3299,3299,1,0,0,0,0,0,0,1,0,0,0,0,0,0,0,0
"2025-03-14 10:04:30,601",1695,1729,1650,1623,1637,1621,1741,1994,3299,3299,3299,3299,3299,3299,3299,3299,0,0,0,0,0,0,0,1,0,0,0,0,0,0,0,0
"2025-03-14 10:04:30,621",1684,1726,1644,1622,1638,1619,1737,1970,3299,3299,3299,3299,3299,3299,3299,3299,0,0,0,0,0,0,0,1,0,0,0,0,0,0,0,0
"2025-03-14 10:04:30,641",1677,1720,1641,1622,1634,1619,1732,1941,3299,3299,3299,3299,3299,3299,3299,3299,0,0,0,0,0,0,0,1,0,0,0,0,0,0,0,0
"2025-03-14 10:04:30,661",1672,1715,1641,1623,1638,1616,1727,1907,3299,3299,3299,3299,3299,3299,3299,3299,0,0,0,0,0,0,0,1,0,0,0,0,0,0,0,0
"2025-03-14 10:04:30,681",1663,1713,1643,1621,1638,1618,1722,1879,3299,3299,3299,3299,3299,3299,3299,3299,0,0,0,0,0,0,0,1,0,0,0,0,0,0,0,0
"2025-03-14 10:04:30,701",1658,1709,1643,1621,1638,1617,1716,1853,3299,3299,3299,3299,3299,3299,3299,3299,0,0,0,0,0,0,0,1,0,0,0,0,0,0,0,0
"2025-03-14 10:04:30,721",1655,1706,1643,1621,1638,1618,1714,1825,3299,3299,3299,3299,3299,3299,3299,3299,0,0,0,0,0,0,0,1,0,0,0,0,0,0,0,0
"2025-03-14 10:04:30,741",1647,1701,1643,1622,1638,1614,1709,1799,3299,3299,3299,3299,3299,3299,3299,3299,0,0,0,0,0,0,0,1,0,0,0,0,0,0,0,0
"2025-03-14 10:04:30,762",1649,1700,1642,1620,1640,1616,1706,1776,3299,3299,3299,3299,3299,3299,3299,3299,0,0,0,0,0,0,0,1,0,0,0,0,0,0,0,0
"2025-03-14 10:04:30,781",1645,1698,1642,1623,1638,1615,1702,1756,3299,3299,3299,3299,3299,3299,3299,3299,0,0,0,0,0,0,0,1,0,0,0,0,0,0,0,0
"2025-03-14 10:04:30,801",1643,1698,1637,1621,1636,1616,1701,1741,3299,3299,3299,3299,3299,3299,3299,3299,0,0,0,0,0,0,0,1,0,0,0,0,0,0,0,0
"2025-03-14 10:04:30,821",1641,1695,1641,1622,1637,1614,1697,1730,3299,3299,3299,3299,3299,3299,3299,3299,0,0,0,0,0,0,0,1,0,0,0,0,0,0,0,0
"2025-03-14 10:04:30,841",1637,1694,1640,1621,1640,1617,1698,1719,3299,3299,3299,3299,3299,3299,3299,3299,0,0,0,0,0,0,0,1,0,0,0,0,0,0,0,0
"2025-03-14 10:04:30,862",1636,1693,1637,1621,1639,1615,1694,1710,3299,3299,3299,3299,3299,3299,3299,3299,0,0,0,0,0,0,0,1,0,0,0,0,0,0,0,0
"2025-03-14 10:04:30,881",1635,1692,1636,1622,1639,1616,1695,1702,3299,3299,3299,3299,3299,3299,3299,3299,0,0,0,0,0,0,0,1,0,0,0,0,0,0,0,0
"2025-03-14 10:04:30,902",1634,1690,1636,1622,1638,1615,1693,1698,3299,3299,3299,3299,3299,3299,3299,3299,0,0,0,0,0,0,0,1,0,0,0,0,0,0,0,0
"2025-03-14 10:04:30,921",1634,1689,1640,1620,1638,1615,1691,1691,3299,3299,3299,3299,3299,3299,3299,3299,0,0,0,0,0,0,0,1,0,0,0,0,0,0,0,0
"2025-03-14 10:04:30,941",1631,1686,1641,1620,1635,1617,1692,1686,3299,3299,3299,3299,3299,3299,3299,3299,0,0,0,0,0,0,0,1,0,0,0,0,0,0,0,0
"2025-03-14 10:04:30,961",1630,1688,1642,1621,1637,1618,1692,1681,3299,3299,3299,3299,3299,3299,3299,3299,0,0,0,0,0,0,0,1,0,0,0,0,0,0,0,0
"2025-03-14 10:04:30,981",1628,1686,1638,1620,1638,1616,1689,1679,3299,3299,3299,3299,3299,3299,3299,3299,0,0,0,0,0,0,0,1,0,0,0,0,0,0,0,0
"2025-03-14 10:04:31,001",1630,1686,1639,1619,1635,1614,1690,1677,3299,3299,3299,3299,3299,3299,3299,3299,0,0,0,0,0,0,0,1,0,0,0,0,0,0,0,0
"2025-03-14 10:04:31,021",1628,1687,1639,1619,1636,1615,1689,1674,3299,3299,3299,3299,3299,3299,3299,3299,0,0,0,0,0,0,0,1,0,0,0,0,0,0,0,0
"2025-03-14 10:04:31,041",1628,1684,1634,1621,1634,1617,1690,1676,3299,3299,3299,3299,3299,3299,3299,3299,0,0,0,0,0,0,0,1,0,0,0,0,0,0,0,0
"2025-03-14 10:04:31,062",1630,1685,1633,1622,1633,1615,1689,1675,3299,3299,3299,3299,3299,3299,3299,3299,0,0,0,0,0,0,0,1,0,0,0,0,0,0,0,0
"2025-03-14 10:04:31,081",1629,1683,1637,1622,1634,1615,1690,1673,3299,3299,3299,3299,3299,3299,3299,3299,0,0,0,0,0,0,0,1,0,0,0,0,0,0,0,0
"2025-03-14 10:04:31,102",1630,1683,1638,1621,1638,1615,1689,1671,3299,3299,3299,3299,3299,3299,3299,3299,0,0,0,0,0,0,0,1,0,0,0,0,0,0,0,0
"2025-03-14 10:04:31,121",1629,1682,1638,1622,1638,1615,1689,1670,3299,3299,3299,3299,3299,3299,3299,3299,0,0,0,0,0,0,0,1,0,0,0,0,0,0,0,0
"2025-03-14 10:04:31,141",1625,1680,1637,1621,1635,1615,1690,1666,3299,3299,3299,3299,3299,3299,3299,3299,0,0,0,0,0,0,0,1,0,0,0,0,0,0,0,0
"2025-03-14 10:04:31,162",1627,1681,1641,1621,1635,1617,1687,1666,3299,3299,3299,3299,3299,3299,3299,3299,0,0,0,0,0,0,0,1,0,0,0,0,0,0,0,0
"2025-03-14 10:04:31,181",1625,1680,1635,1621,1634,1616,1686,1663,3299,3299,3299,3299,3299,3299,3299,3299,0,0,0,0,0,0,0,0,0,0,0,0,0,0,0,0
"2025-03-14 10:04:31,202",1624,1681,1636,1622,1637,1616,1688,1665,3299,3299,3299,3299,3299,3299,3299,3299,0,0,0,0,0,0,0,0,0,0,0,0,0,0,0,0
"2025-03-14 10:04:31,222",1621,1679,1638,1623,1639,1614,1687,1660,3299,3299,3299,3299,3299,3299,3299,3299,0,0,0,0,0,0,0,0,0,0,0,0,0,0,0,0
"2025-03-14 10:04:31,241",1623,1679,1638,1621,1636,1615,1687,1663,3299,3299,3299,3299,3299,3299,3299,3299,0,0,0,0,0,0,0,0,0,0,0,0,0,0,0,0
"2025-03-14 10:04:31,262",1623,1680,1639,1621,1638,1616,1687,1660,3299,3299,3299,3299,3299,3299,3299,3299,0,0,0,0,0,0,0,0,0,0,0,0,0,0,0,0
"2025-03-14 10:04:31,281",1624,1680,1641,1621,1633,1613,1685,1661,3299,3299,3299,3299,3299,3299,3299,3299,0,0,0,0,0,0,0,0,0,0,0,0,0,0,0,0
"2025-03-14 10:04:31,302",1622,1679,1639,1621,1636,1615,1686,1660,3299,3299,3299,3299,3299,3299,3299,3299,0,0,0,0,0,0,0,0,0,0,0,0,0,0,0,0
"2025-03-14 10:04:31,321",1620,1677,1637,1621,1639,1616,1687,1659,3299,3299,3299,3299,3299,3299,3299,3299,0,0,0,0,0,0,0,0,0,0,0,0,0,0,0,0
"2025-03-14 10:04:31,341",1622,1677,1633,1620,1634,1616,1686,1654,3299,3299,3299,3299,3299,3299,3299,3299,0,0,0,0,0,0,0,0,0,0,0,0,0,0,0,0
"2025-03-14 10:04:31,361",1620,1679,1638,1619,1638,1618,1686,1658,3299,3299,3299,3299,3299,3299,3299,3299,0,0,0,0,0,0,0,0,0,0,0,0,0,0,0,0
"2025-03-14 10:04:31,381",1620,1678,1635,1622,1636,1616,1685,1659,3299,3299,3299,3299,3299,3299,3299,3299,0,0,0,0,0,0,0,0,0,0,0,0,0,0,0,0
"2025-03-14 10:04:31,402",1619,1679,1638,1622,1635,1615,1683,1658,3299,3299,3299,3299,3299,3299,3299,3299,0,0,0,0,0,0,0,0,0,0,0,0,0,0,0,0
"2025-03-14 10:04:31,421",1620,1678,1639,1621,1636,1616,1685,1655,3299,3299,3299,3299,3299,3299,3299,3299,0,0,0,0,0,0,0,0,0,0,0,0,0,0,0,0
"2025-03-14 10:04:31,441",1619,1678,1635,1622,1632,1616,1683,1657,3299,3299,3299,3299,3299,3299,3299,3299,0,0,0,0,0,0,0,0,0,0,0,0,0,0,0,0
"2025-03-14 10:04:31,461",1618,1677,1635,1622,1635,1613,1683,1656,3299,3299,3299,3299,3299,3299,3299,3299,0,0,0,0,0,0,0,0,0,0,0,0,0,0,0,0
"2025-03-14 10:04:31,481",1619,1677,1637,1620,1636,1616,1682,1654,3299,3299,3299,3299,3299,3299,3299,3299,0,0,0,0,0,0,0,0,0,0,0,0,0,0,0,0
"2025-03-14 10:04:31,503",1618,1677,1639,1622,1636,1614,1683,1652,3299,3299,3299,3299,3299,3299,3299,3299,0,0,0,0,0,0,0,0,0,0,0,0,0,0,0,0
"2025-03-14 10:04:31,521",1618,1676,1634,1621,1637,1616,1682,1652,3299,3299,3299,3299,3299,3299,3299,3299,0,0,0,0,0,0,0,0,0,0,0,0,0,0,0,0
"2025-03-14 10:04:31,541",1617,1679,1637,1620,1632,1614,1682,1655,3299,3299,3299,3299,3299,3299,3299,3299,0,0,0,0,0,0,0,0,0,0,0,0,0,0,0,0
"2025-03-14 10:04:31,561",1615,1677,1639,1618,1635,1615,1684,1653,3299,3299,3299,3299,3299,3299,3299,3299,0,0,0,0,0,0,0,0,0,0,0,0,0,0,0,0
"2025-03-14 10:04:31,581",1616,1676,1636,1619,1634,1615,1683,1653,3299,3299,3299,3299,3299,3299,3299,3299,0,0,0,0,0,0,0,0,0,0,0,0,0,0,0,0
"2025-03-14 10:04:31,601",1617,1676,1634,1621,1635,1616,1683,1651,3299,3299,3299,3299,3299,3299,3299,3299,0,0,0,0,0,0,0,0,0,0,0,0,0,0,0,0
"2025-03-14 10:04:31,621",1616,1675,1638,1620,1635,1617,1685,1655,3299,3299,3299,3299,3299,3299,3299,3299,0,0,0,0,0,0,0,0,0,0,0,0,0,0,0,0
"2025-03-14 10:04:31,641",1616,1676,1638,1620,1635,1615,1685,1651,3299,3299,3299,3299,3299,3299,3299,3299,0,0,0,0,0,0,0,0,0,0,0,0,0,0,0,0
"2025-03-14 10:04:31,661",1613,1676,1637,1621,1635,1615,1683,1652,3299,3299,3299,3299,3299,3299,3299,3299,0,0,0,0,0,0,0,0,0,0,0,0,0,0,0,0
"2025-03-14 10:04:31,681",1616,1676,1635,1619,1634,1615,1683,1646,3299,3299,3299,3299,3299,3299,3299,3299,0,0,0,0,0,0,0,0,0,0,0,0,0,0,0,0
"2025-03-14 10:04:31,701",1613,1675,1638,1619,1635,1615,1683,1649,3299,3299,3299,3299,3299,3299,3299,3299,0,0,0,0,0,0,0,0,0,0,0,0,0,0,0,0
"2025-03-14 10:04:31,721",1614,1676,1636,1619,1633,1616,1682,1650,3299,3299,3299,3299,3299,3299,3299,3299,0,0,0,0,0,0,0,0,0,0,0,0,0,0,0,0
"2025-03-14 10:04:31,741",1615,1675,1634,1619,1633,1614,1683,1650,3299,3299,3299,3299,3299,3299,3299,3299,0,0,0,0,0,0,0,0,0,0,0,0,0,0,0,0
"2025-03-14 10:04:31,761",1613,1676,1635,1621,1634,1616,1684,1644,3299,3299,3299,3299,3299,3299,3299,3299,0,0,0,0,0,0,0,0,0,0,0,0,0,0,0,0
"2025-03-14 10:04:31,781",1612,1676,1637,1622,1633,1616,1683,1650,3299,3299,3299,3299,3299,3299,3299,3299,0,0,0,0,0,0,0,0,0,0,0,0,0,0,0,0
"2025-03-14 10:04:31,801",1613,1673,1636,1619,1633,1616,1682,1650,3299,3299,3299,3299,3299,3299,3299,3299,0,0,0,0,0,0,0,0,0,0,0,0,0,0,0,0
"2025-03-14 10:04:31,821",1610,1677,1639,1619,1635,1614,1683,1651,3299,3299,3299,3299,3299,3299,3299,3299,0,0,0,0,0,0,0,0,0,0,0,0,0,0,0,0
"2025-03-14 10:04:31,841",1614,1675,1638,1620,1636,1613,1684,1645,3299,3299,3299,3299,3299,3299,3299,3299,0,0,0,0,0,0,0,0,0,0,0,0,0,0,0,0
"2025-03-14 10:04:31,861",1611,1676,1637,1620,1636,1614,1682,1648,3299,3299,3299,3299,3299,3299,3299,3299,0,0,0,0,0,0,0,0,0,0,0,0,0,0,0,0
"2025-03-14 10:04:31,881",1612,1676,1638,1621,1635,1615,1685,1647,3299,3299,3299,3299,3299,3299,3299,3299,0,0,0,0,0,0,0,0,0,0,0,0,0,0,0,0
"2025-03-14 10:04:31,901",1612,1674,1639,1619,1631,1615,1682,1647,3299,3299,3299,3299,3299,3299,3299,3299,0,0,0,0,0,0,0,0,0,0,0,0,0,0,0,0
"2025-03-14 10:04:31,921",1612,1675,1634,1620,1635,1616,1681,1649,3299,3299,3299,3299,3299,3299,3299,3299,0,0,0,0,0,0,0,0,0,0,0,0,0,0,0,0
"2025-03-14 10:04:31,941",1613,1674,1638,1620,1634,1616,1683,1650,3299,3299,3299,3299,3299,3299,3299,3299,0,0,0,0,0,0,0,0,0,0,0,0,0,0,0,0
"2025-03-14 10:04:31,961",1612,1674,1636,1618,1636,1614,1683,1646,3299,3299,3299,3299,3299,3299,3299,3299,0,0,0,0,0,0,0,0,0,0,0,0,0,0,0,0
"2025-03-14 10:04:31,981",1611,1674,1633,1622,1635,1614,1681,1650,3299,3299,3299,3299,3299,3299,3299,3299,0,0,0,0,0,0,0,0,0,0,0,0,0,0,0,0
"2025-03-14 10:04:32,002",1611,1673,1636,1620,1632,1614,1683,1651,3299,3299,3299,3299,3299,3299,3299,3299,0,0,0,0,0,0,0,0,0,0,0,0,0,0,0,0
"2025-03-14 10:04:32,021",1612,1675,1638,1621,1634,1615,1683,1642,3299,3299,3299,3299,3299,3299,3299,3299,0,0,0,0,0,0,0,0,0,0,0,0,0,0,0,0
"2025-03-14 10:04:32,041",1611,1674,1636,1619,1631,1615,1683,1646,3299,3299,3299,3299,3299,3299,3299,3299,0,0,0,0,0,0,0,0,0,0,0,0,0,0,0,0
"2025-03-14 10:04:32,061",1611,1674,1636,1620,1636,1615,1681,1649,3299,3299,3299,3299,3299,3299,3299,3299,0,0,0,0,0,0,0,0,0,0,0,0,0,0,0,0
"2025-03-14 10:04:32,081",1608,1672,1638,1617,1633,1615,1681,1646,3299,3299,3299,3299,3299,3299,3299,3299,0,0,0,0,0,0,0,0,0,0,0,0,0,0,0,0
"2025-03-14 10:04:32,101",1613,1673,1639,1621,1635,1615,1682,1647,3299,3299,3299,3299,3299,3299,3299,3299,0,0,0,0,0,0,0,0,0,0,0,0,0,0,0,0
"2025-03-14 10:04:32,121",1609,1675,1637,1622,1635,1616,1683,1643,3299,3299,3299,3299,3299,3299,3299,3299,0,0,0,0,0,0,0,0,0,0,0,0,0,0,0,0
"2025-03-14 10:04:32,141",1610,1673,1636,1619,1633,1613,1683,1648,3299,3299,3299,3299,3299,3299,3299,3299,0,0,0,0,0,0,0,0,0,0,0,0,0,0,0,0
"2025-03-14 10:04:32,161",1610,1672,1634,1619,1630,1614,1682,1647,3299,3299,3299,3299,3299,3299,3299,3299,0,0,0,0,0,0,0,0,0,0,0,0,0,0,0,0
"2025-03-14 10:04:32,181",1610,1675,1634,1619,1635,1615,1682,1647,3299,3299,3299,3299,3299,3299,3299,3299,0,0,0,0,0,0,0,0,0,0,0,0,0,0,0,0
"2025-03-14 10:04:32,201",1610,1674,1637,1619,1633,1616,1683,1646,3299,3299,3299,3299,3299,3299,3299,3299,0,0,0,0,0,0,0,0,0,0,0,0,0,0,0,0
"2025-03-14 10:04:32,222",1610,1674,1635,1619,1634,1615,1683,1648,3299,3299,3299,3299,3299,3299,3299,3299,0,0,0,0,0,0,0,0,0,0,0,0,0,0,0,0
"2025-03-14 10:04:32,241",1610,1674,1637,1620,1633,1615,1681,1643,3299,3299,3299,3299,3299,3299,3299,3299,0,0,0,0,0,0,0,0,0,0,0,0,0,0,0,0
"2025-03-14 10:04:32,262",1607,1674,1635,1619,1632,1614,1682,1649,3299,3299,3299,3299,3299,3299,3299,3299,0,0,0,0,0,0,0,0,0,0,0,0,0,0,0,0
"2025-03-14 10:04:32,282",1608,1676,1639,1620,1631,1616,1681,1647,3299,3299,3299,3299,3299,3299,3299,3299,0,0,0,0,0,0,0,0,0,0,0,0,0,0,0,0
"2025-03-14 10:04:32,301",1608,1674,1635,1620,1632,1614,1681,1646,3299,3299,3299,3299,3299,3299,3299,3299,0,0,0,0,0,0,0,0,0,0,0,0,0,0,0,0
"2025-03-14 10:04:32,322",1608,1674,1638,1619,1633,1615,1682,1646,3299,3299,3299,3299,3299,3299,3299,3299,0,0,0,0,0,0,0,0,0,0,0,0,0,0,0,0
"2025-03-14 10:04:32,341",1609,1670,1634,1618,1635,1615,1682,1647,3299,3299,3299,3299,3299,3299,3299,3299,0,0,0,0,0,0,0,0,0,0,0,0,0,0,0,0
"2025-03-14 10:04:32,361",1608,1672,1639,1619,1633,1616,1679,1646,3299,3299,3299,3299,3299,3299,3299,3299,0,0,0,0,0,0,0,0,0,0,0,0,0,0,0,0
"2025-03-14 10:04:32,381",1609,1672,1634,1619,1633,1615,1681,1645,3299,3299,3299,3299,3299,3299,3299,3299,0,0,0,0,0,0,0,0,0,0,0,0,0,0,0,0
"2025-03-14 10:04:32,401",1607,1672,1638,1619,1633,1614,1683,1646,3299,3299,3299,3299,3299,3299,3299,3299,0,0,0,0,0,0,0,0,0,0,0,0,0,0,0,0
"2025-03-14 10:04:32,422",1606,1672,1638,1620,1634,1615,1683,1645,3299,3299,3299,3299,3299,3299,3299,3299,0,0,0,0,0,0,0,0,0,0,0,0,0,0,0,0
"2025-03-14 10:04:32,441",1608,1672,1634,1619,1632,1615,1683,1643,3299,3299,3299,3299,3299,3299,3299,3299,0,0,0,0,0,0,0,0,0,0,0,0,0,0,0,0
"2025-03-14 10:04:32,462",1605,1672,1635,1619,1631,1615,1682,1646,3299,3299,3299,3299,3299,3299,3299,3299,0,0,0,0,0,0,0,0,0,0,0,0,0,0,0,0
"2025-03-14 10:04:32,481",1607,1672,1634,1619,1631,1613,1679,1640,3299,3299,3299,3299,3299,3299,3299,3299,0,0,0,0,0,0,0,0,0,0,0,0,0,0,0,0
"2025-03-14 10:04:32,501",1607,1672,1634,1617,1632,1614,1682,1646,3299,3299,3299,3299,3299,3299,3299,3299,0,0,0,0,0,0,0,0,0,0,0,0,0,0,0,0
